n_households,mean_mae,median_mae,std_mae,model,experiment_name
17547,3.4134736476635195,2.099406185808277,4.405547637379716,global_xgb,case5_base
17547,3.368432170584776,2.071449771943639,4.330635072901125,cluster_xgb,case5_base
