n_households,mean_mae,median_mae,std_mae,mean_mape,median_mape,std_mape,model,experiment_name
17547,3.4134736477571175,2.0994061915300546,4.405547638290396,315.00903244045253,38.179398866645585,4997.504941271887,global_xgb,case5_base
17547,3.368432170670435,2.071449773497268,4.330635073217906,308.3089516862798,37.516991238452874,5062.335836291187,cluster_xgb,case5_base
