experiment_name,cluster_xgb,global_xgb,delta_cluster_minus_global
case5_base,3.368432170584776,3.4134736476635195,-0.04504147707874351
case2_base,3.379980692385107,3.3987943943575227,-0.01881370197241594
